[{"first":"Hallo Git!","second":["Schritt 1 - Hilfe","Schritt 2 - Setup","Schritt 3 - Das erste Repos"]},{"first":"Repository untersuchen","second":["Schritt 1 - Verzeichnisstruktur","Schritt 2 - Commits ansehen","Schritt 3 - Einzelne Commits untersuchen","Schritt 4 - Inhalte vergangener Versionen untersuchen","Schritt 5 - Branches und Tags","Schritt 6 - Herkunft von Zeilen ermitteln"]},{"first":"Klonen von Repositorys","second":["Schritt 1 - Klon durchführen","Schritt 2 - Klon untersuchen","Schritt 3 - Im Klon arbeiten"]},{"first":"Sparse Checkout","second":["Schritt 1 - Sparse-Klon durchführen","Schritt 2 - Verzeichnis hinzufügen","Schritt 3 - Sparse Checkout deaktivieren","Schritt 4 - Klonen und auschecken"]},{"first":"Commits erstellen","second":["Schritt 1 - Commit - mit Staging","Schritt 2 - Commit - automatisches Staging","Schritt 3 - Commit - neue Datei","Schritt 4 - Commit - Datei löschen","Schritt 5 - Commit - Datei verschieben/umbenennen"]},{"first":"Staging","second":["Schritt 1 - Staging","Schritt 2 - Restore - Staging zurücknehmen","Schritt 3 - Restore - Datei wiederherstellen","Schritt 4 - ⭐ Restore - Zurückholen älterer Datei- und Verzeichnisversionen"]},{"first":"Push, fetch und pull","second":["Schritt 1 - Änderungen holen","Schritt 2 - Änderungen untersuchen","Schritt 3 - Änderungen integrieren"]},{"first":"Umgang mit \"Push Reject\"","second":["Schritt 1 - Lokal Commit(s) erstellen","Schritt 2 - Push versuchen","Schritt 3 - (optional) Problem analysieren","Schritt 4 - Fremde Änderungen integrieren","Schritt 5 - Erneut pushen"]},{"first":"Integration von Änderungen","second":["Schritt 1 - Fast-Forward beim Pull","Schritt 2 - Merge erzwingen beim Pull","Schritt 3 - Integration bei Änderungen in verschiedenen Dateien","Schritt 4 - Integration bei Änderungen in derselben Datei"]},{"first":"Branching","second":["Schritt 1 - Branch erstellen","Schritt 2 - Branch mergen","Schritt 3 - Merge analysieren"]},{"first":"Rebasing","second":["Schritt 1 - Feature-Branch per Rebase aktualiseren."]},{"first":"Modularisierung mit Submodules und Subrepos","second":["Schritt 2 - Module als Subtree einbinden","Schritt 3 - Änderung aus einem Modul übernehmen","Schritt 4 - Änderung in ein Modul übertragen","Schritt 5 - Übergeordnetes Repo klonen","Schritt 7 - Module als Submodule einbinden","Schritt 8 - Subtree: Änderung aus einem Modul übernehmen","Schritt 9 - Änderung in ein Modul übertragen","Schritt 10 - Übergeordnetes Repo klonen"]},{"first":"Kleine Projekte zusammenfuehren","second":["Schritt 1 - Zusammenführen `git subtree`","Schritt 2 - Zusammenführen mit `fetch`, `mv` und `merge`"]}]